scenario,variable,t,level,baseline_level,dev_pct
baseline,Y,0,1.010547184,1.010547184,0
baseline,Y,1,1.025705392,1.025705392,0
baseline,Y,2,1.041090973,1.041090973,0
baseline,Y,3,1.056707337,1.056707337,0
baseline,Y,4,1.072557947,1.072557947,0
baseline,Y,5,1.088646316,1.088646316,0
baseline,Y,6,1.104976011,1.104976011,0
baseline,Y,7,1.121550651,1.121550651,0
baseline,Y,8,1.138373911,1.138373911,0
baseline,Y,9,1.15544952,1.15544952,0
baseline,Y,10,1.172781263,1.172781263,0
baseline,Y,11,1.190372981,1.190372981,0
baseline,Y,12,1.208228576,1.208228576,0
baseline,Y,13,1.226352005,1.226352005,0
baseline,Y,14,1.244747285,1.244747285,0
baseline,Y,15,1.263418494,1.263418494,0
baseline,Y,16,1.282369772,1.282369772,0
baseline,Y,17,1.301605318,1.301605318,0
baseline,Y,18,1.321129398,1.321129398,0
baseline,Y,19,1.340946339,1.340946339,0
baseline,Y,20,1.361060534,1.361060534,0
baseline,Y,21,1.381476442,1.381476442,0
baseline,Y,22,1.402198589,1.402198589,0
baseline,Y,23,1.423231567,1.423231567,0
baseline,Y,24,1.444580041,1.444580041,0
baseline,Y,25,1.466248742,1.466248742,0
baseline,Y,26,1.488242473,1.488242473,0
baseline,Y,27,1.51056611,1.51056611,0
baseline,Y,28,1.533224601,1.533224601,0
baseline,Y,29,1.55622297,1.55622297,0
baseline,Y,30,1.579566315,1.579566315,0
baseline,Y,31,1.60325981,1.60325981,0
baseline,Y,32,1.627308707,1.627308707,0
baseline,Y,33,1.651718337,1.651718337,0
baseline,Y,34,1.676494113,1.676494113,0
baseline,Y,35,1.701641524,1.701641524,0
baseline,Y,36,1.727166147,1.727166147,0
baseline,Y,37,1.753073639,1.753073639,0
baseline,Y,38,1.779369744,1.779369744,0
baseline,Y,39,1.80606029,1.80606029,0
baseline,Y,40,1.833151194,1.833151194,0
baseline,Y,41,1.860648462,1.860648462,0
baseline,Y,42,1.888558189,1.888558189,0
baseline,Y,43,1.916886562,1.916886562,0
baseline,Y,44,1.945639861,1.945639861,0
baseline,Y,45,1.974824458,1.974824458,0
baseline,Y,46,2.004446825,2.004446825,0
baseline,Y,47,2.034513528,2.034513528,0
baseline,Y,48,2.065031231,2.065031231,0
baseline,Y,49,2.096006699,2.096006699,0
baseline,Y,50,2.1274468,2.1274468,0
baseline,Y,51,2.159358502,2.159358502,0
baseline,Y,52,2.191748879,2.191748879,0
baseline,Y,53,2.224625112,2.224625112,0
baseline,Y,54,2.257994489,2.257994489,0
baseline,Y,55,2.291864406,2.291864406,0
baseline,Y,56,2.326242372,2.326242372,0
baseline,Y,57,2.361136008,2.361136008,0
baseline,Y,58,2.396553048,2.396553048,0
baseline,Y,59,2.432501344,2.432501344,0
baseline,Y,60,2.468988864,2.468988864,0
baseline,Y,61,2.506023697,2.506023697,0
baseline,Y,62,2.543614052,2.543614052,0
baseline,Y,63,2.581768263,2.581768263,0
baseline,Y,64,2.620494787,2.620494787,0
baseline,Y,65,2.659802209,2.659802209,0
baseline,Y,66,2.699699242,2.699699242,0
baseline,Y,67,2.740194731,2.740194731,0
baseline,Y,68,2.781297652,2.781297652,0
baseline,Y,69,2.823017116,2.823017116,0
baseline,Y,70,2.865362373,2.865362373,0
baseline,Y,71,2.908342809,2.908342809,0
baseline,Y,72,2.951967951,2.951967951,0
baseline,Y,73,2.99624747,2.99624747,0
baseline,Y,74,3.041191182,3.041191182,0
baseline,Y,75,3.08680905,3.08680905,0
baseline,Y,76,3.133111186,3.133111186,0
baseline,Y,77,3.180107853,3.180107853,0
baseline,Y,78,3.227809471,3.227809471,0
baseline,Y,79,3.276226613,3.276226613,0
baseline,Y,80,3.325370013,3.325370013,0
baseline,Y,81,3.375250563,3.375250563,0
baseline,Y,82,3.425879321,3.425879321,0
baseline,Y,83,3.477267511,3.477267511,0
baseline,Y,84,3.529426524,3.529426524,0
baseline,Y,85,3.582367921,3.582367921,0
baseline,Y,86,3.63610344,3.63610344,0
baseline,Y,87,3.690644992,3.690644992,0
baseline,Y,88,3.746004667,3.746004667,0
baseline,Y,89,3.802194737,3.802194737,0
baseline,Y,90,3.859227658,3.859227658,0
baseline,Y,91,3.917116073,3.917116073,0
baseline,Y,92,3.975872814,3.975872814,0
baseline,Y,93,4.035510906,4.035510906,0
baseline,Y,94,4.09604357,4.09604357,0
baseline,Y,95,4.157484223,4.157484223,0
baseline,Y,96,4.219846486,4.219846486,0
baseline,Y,97,4.283144184,4.283144184,0
baseline,Y,98,4.347391347,4.347391347,0
baseline,Y,99,4.412602217,4.412602217,0
baseline,Y,100,4.47879125,4.47879125,0
baseline,Y,101,4.545973119,4.545973119,0
baseline,Y,102,4.614162716,4.614162716,0
baseline,Y,103,4.683375156,4.683375156,0
baseline,Y,104,4.753625784,4.753625784,0
baseline,Y,105,4.82493017,4.82493017,0
baseline,Y,106,4.897304123,4.897304123,0
baseline,Y,107,4.970763685,4.970763685,0
baseline,Y,108,5.04532514,5.04532514,0
baseline,Y,109,5.121005017,5.121005017,0
baseline,Y,110,5.197820092,5.197820092,0
baseline,Y,111,5.275787394,5.275787394,0
baseline,Y,112,5.354924205,5.354924205,0
baseline,Y,113,5.435248068,5.435248068,0
baseline,Y,114,5.516776789,5.516776789,0
baseline,Y,115,5.599528441,5.599528441,0
baseline,Y,116,5.683521367,5.683521367,0
baseline,Y,117,5.768774188,5.768774188,0
baseline,Y,118,5.855305801,5.855305801,0
baseline,Y,119,5.943135388,5.943135388,0
baseline,Y,120,6.032282418,6.032282418,0
baseline,Y,121,6.122766655,6.122766655,0
baseline,Y,122,6.214608154,6.214608154,0
baseline,Y,123,6.307827277,6.307827277,0
baseline,Y,124,6.402444686,6.402444686,0
baseline,Y,125,6.498481356,6.498481356,0
baseline,Y,126,6.595958577,6.595958577,0
baseline,Y,127,6.694897955,6.694897955,0
baseline,Y,128,6.795321425,6.795321425,0
baseline,Y,129,6.897251246,6.897251246,0
baseline,Y,130,7.000710015,7.000710015,0
baseline,Y,131,7.105720665,7.105720665,0
baseline,Y,132,7.212306475,7.212306475,0
baseline,Y,133,7.320491072,7.320491072,0
baseline,Y,134,7.430298438,7.430298438,0
baseline,Y,135,7.541752915,7.541752915,0
baseline,Y,136,7.654879208,7.654879208,0
baseline,Y,137,7.769702396,7.769702396,0
baseline,Y,138,7.886247932,7.886247932,0
baseline,Y,139,8.004541651,8.004541651,0
baseline,Y,140,8.124609776,8.124609776,0
baseline,Y,141,8.246478923,8.246478923,0
baseline,Y,142,8.370176107,8.370176107,0
baseline,Y,143,8.495728748,8.495728748,0
baseline,Y,144,8.623164679,8.623164679,0
baseline,Y,145,8.75251215,8.75251215,0
baseline,Y,146,8.883799832,8.883799832,0
baseline,Y,147,9.017056829,9.017056829,0
baseline,Y,148,9.152312682,9.152312682,0
baseline,Y,149,9.289597372,9.289597372,0
unanticipated,Y,0,1.010547184,1.010547184,0
unanticipated,Y,1,1.025705392,1.025705392,0
unanticipated,Y,2,1.041090973,1.041090973,0
unanticipated,Y,3,1.056707337,1.056707337,0
unanticipated,Y,4,1.072557947,1.072557947,0
unanticipated,Y,5,1.088646316,1.088646316,0
unanticipated,Y,6,1.104976011,1.104976011,0
unanticipated,Y,7,1.121550651,1.121550651,0
unanticipated,Y,8,1.138373911,1.138373911,0
unanticipated,Y,9,1.15544952,1.15544952,0
unanticipated,Y,10,1.172781263,1.172781263,0
unanticipated,Y,11,1.190372981,1.190372981,0
unanticipated,Y,12,1.208228576,1.208228576,0
unanticipated,Y,13,1.226352005,1.226352005,0
unanticipated,Y,14,1.244747285,1.244747285,0
unanticipated,Y,15,1.263418494,1.263418494,0
unanticipated,Y,16,1.282369772,1.282369772,0
unanticipated,Y,17,1.301605318,1.301605318,0
unanticipated,Y,18,1.321129398,1.321129398,0
unanticipated,Y,19,1.340946339,1.340946339,0
unanticipated,Y,20,1.361060534,1.361060534,0
unanticipated,Y,21,1.381476442,1.381476442,0
unanticipated,Y,22,1.402198589,1.402198589,0
unanticipated,Y,23,1.423231567,1.423231567,0
unanticipated,Y,24,1.444580041,1.444580041,0
unanticipated,Y,25,1.466248742,1.466248742,0
unanticipated,Y,26,1.488242473,1.488242473,0
unanticipated,Y,27,1.51056611,1.51056611,0
unanticipated,Y,28,1.533224601,1.533224601,0
unanticipated,Y,29,1.55622297,1.55622297,0
unanticipated,Y,30,1.579566315,1.579566315,0
unanticipated,Y,31,1.60325981,1.60325981,0
unanticipated,Y,32,1.627308707,1.627308707,0
unanticipated,Y,33,1.651718337,1.651718337,0
unanticipated,Y,34,1.676494113,1.676494113,0
unanticipated,Y,35,1.701641524,1.701641524,0
unanticipated,Y,36,1.727166147,1.727166147,0
unanticipated,Y,37,1.753073639,1.753073639,0
unanticipated,Y,38,1.779369744,1.779369744,0
unanticipated,Y,39,1.80606029,1.80606029,0
unanticipated,Y,40,1.833151194,1.833151194,0
unanticipated,Y,41,1.860648462,1.860648462,0
unanticipated,Y,42,1.888558189,1.888558189,0
unanticipated,Y,43,1.916886562,1.916886562,0
unanticipated,Y,44,1.945639861,1.945639861,0
unanticipated,Y,45,1.974824458,1.974824458,0
unanticipated,Y,46,2.004446825,2.004446825,0
unanticipated,Y,47,2.034513528,2.034513528,0
unanticipated,Y,48,2.065031231,2.065031231,0
unanticipated,Y,49,2.096006699,2.096006699,0
unanticipated,Y,50,1.010547184,2.1274468,-52.49953211
unanticipated,Y,51,1.029764972,2.159358502,-52.31153274
unanticipated,Y,52,1.046077745,2.191748879,-52.27200731
unanticipated,Y,53,1.062688551,2.224625112,-52.2306682
unanticipated,Y,54,1.079607638,2.257994489,-52.18732183
unanticipated,Y,55,1.096845883,2.291864406,-52.14176369
unanticipated,Y,56,1.114414846,2.326242372,-52.09377753
unanticipated,Y,57,1.132326819,2.361136008,-52.04313452
unanticipated,Y,58,1.150594888,2.396553048,-51.98959233
unanticipated,Y,59,1.169232993,2.432501344,-51.93289428
unanticipated,Y,60,1.18825599,2.468988864,-51.87276835
unanticipated,Y,61,1.207679728,2.506023697,-51.80892624
unanticipated,Y,62,1.227521118,2.543614052,-51.74106241
unanticipated,Y,63,1.247798213,2.581768263,-51.66885306
unanticipated,Y,64,1.268530291,2.620494787,-51.59195517
unanticipated,Y,65,1.289737946,2.659802209,-51.51000545
unanticipated,Y,66,1.311443177,2.699699242,-51.42261936
unanticipated,Y,67,1.333669486,2.740194731,-51.32939016
unanticipated,Y,68,1.356441982,2.781297652,-51.22988791
unanticipated,Y,69,1.379787484,2.823017116,-51.12365859
unanticipated,Y,70,1.403734631,2.865362373,-51.01022322
unanticipated,Y,71,1.428313995,2.908342809,-50.88907708
unanticipated,Y,72,1.453558199,2.951967951,-50.75968901
unanticipated,Y,73,1.479502032,2.99624747,-50.62150083
unanticipated,Y,74,1.506182569,3.041191182,-50.47392687
unanticipated,Y,75,1.533639291,3.08680905,-50.31635366
unanticipated,Y,76,1.561914206,3.133111186,-50.14813986
unanticipated,Y,77,1.591051963,3.180107853,-49.96861629
unanticipated,Y,78,1.621099965,3.227809471,-49.77708631
unanticipated,Y,79,1.652108481,3.276226613,-49.57282642
unanticipated,Y,80,1.684130745,3.325370013,-49.35508714
unanticipated,Y,81,1.717223048,3.375250563,-49.12309424
unanticipated,Y,82,1.751444819,3.425879321,-48.87605035
unanticipated,Y,83,1.786858694,3.477267511,-48.61313693
unanticipated,Y,84,1.823530568,3.529426524,-48.33351662
unanticipated,Y,85,1.861529627,3.582367921,-48.03633607
unanticipated,Y,86,1.900928365,3.63610344,-47.72072919
unanticipated,Y,87,1.941802569,3.690644992,-47.38582082
unanticipated,Y,88,1.984231292,3.746004667,-47.03073092
unanticipated,Y,89,2.028296786,3.802194737,-46.6545791
unanticipated,Y,90,2.074084414,3.859227658,-46.25648969
unanticipated,Y,91,2.121682532,3.917116073,-45.83559709
unanticipated,Y,92,2.171182335,3.975872814,-45.39105155
unanticipated,Y,93,2.222677679,4.035510906,-44.92202523
unanticipated,Y,94,2.276264864,4.09604357,-44.42771848
unanticipated,Y,95,2.332042396,4.157484223,-43.90736632
unanticipated,Y,96,2.390110713,4.219846486,-43.36024495
unanticipated,Y,97,2.450571892,4.283144184,-42.78567832
unanticipated,Y,98,2.513529321,4.347391347,-42.18304449
unanticipated,Y,99,2.579087368,4.412602217,-41.5517819
unanticipated,Y,100,2.301395955,4.47879125,-48.61569055
unanticipated,Y,101,2.31635097,4.545973119,-49.04609179
unanticipated,Y,102,2.331792958,4.614162716,-49.4644402
unanticipated,Y,103,2.347737745,4.683375156,-49.87081609
unanticipated,Y,104,2.364200774,4.753625784,-50.26531575
unanticipated,Y,105,2.381197095,4.82493017,-50.64805062
unanticipated,Y,106,2.398741358,4.897304123,-51.0191465
unanticipated,Y,107,2.416847801,4.970763685,-51.37874269
unanticipated,Y,108,2.435530254,5.04532514,-51.72699109
unanticipated,Y,109,2.45480213,5.121005017,-52.06405535
unanticipated,Y,110,2.47467643,5.197820092,-52.39010996
unanticipated,Y,111,2.495165745,5.275787394,-52.70533935
unanticipated,Y,112,2.516282258,5.354924205,-53.00993699
unanticipated,Y,113,2.538037757,5.435248068,-53.30410453
unanticipated,Y,114,2.560443638,5.516776789,-53.58805085
unanticipated,Y,115,2.583510922,5.599528441,-53.86199125
unanticipated,Y,116,2.607250261,5.683521367,-54.12614659
unanticipated,Y,117,2.631671956,5.768774188,-54.38074242
unanticipated,Y,118,2.656785972,5.855305801,-54.62600822
unanticipated,Y,119,2.682601956,5.943135388,-54.8621766
unanticipated,Y,120,2.709129249,6.032282418,-55.08948254
unanticipated,Y,121,2.736376911,6.122766655,-55.30816271
unanticipated,Y,122,2.764353737,6.214608154,-55.51845477
unanticipated,Y,123,2.79306828,6.307827277,-55.7205967
unanticipated,Y,124,2.822528864,6.402444686,-55.91482624
unanticipated,Y,125,2.852743616,6.498481356,-56.10138032
unanticipated,Y,126,2.883720475,6.595958577,-56.28049447
unanticipated,Y,127,2.915467222,6.694897955,-56.45240239
unanticipated,Y,128,2.947991496,6.795321425,-56.61733549
unanticipated,Y,129,2.981300818,6.897251246,-56.77552243
unanticipated,Y,130,3.015402606,7.000710015,-56.92718881
unanticipated,Y,131,3.050304203,7.105720665,-57.07255679
unanticipated,Y,132,3.086012891,7.212306475,-57.21184476
unanticipated,Y,133,3.12253591,7.320491072,-57.34526715
unanticipated,Y,134,3.159880482,7.430298438,-57.47303411
unanticipated,Y,135,3.198053825,7.541752915,-57.59535136
unanticipated,Y,136,3.23706317,7.654879208,-57.71241998
unanticipated,Y,137,3.276915782,7.769702396,-57.82443632
unanticipated,Y,138,3.317618972,7.886247932,-57.93159179
unanticipated,Y,139,3.359180117,8.004541651,-58.03407286
unanticipated,Y,140,3.401606671,8.124609776,-58.13206093
unanticipated,Y,141,3.444906181,8.246478923,-58.2257323
unanticipated,Y,142,3.489086303,8.370176107,-58.31525814
unanticipated,Y,143,3.534154811,8.495728748,-58.4008045
unanticipated,Y,144,3.580119612,8.623164679,-58.48253229
unanticipated,Y,145,3.626988756,8.75251215,-58.5605973
unanticipated,Y,146,3.67477045,8.883799832,-58.63515028
unanticipated,Y,147,3.723473065,9.017056829,-58.70633694
unanticipated,Y,148,3.773105149,9.152312682,-58.77429804
unanticipated,Y,149,3.823675434,9.289597372,-58.83916944
baseline,C,0,0.8073023882,0.8073023882,0
baseline,C,1,0.819411924,0.819411924,0
baseline,C,2,0.8317031029,0.8317031029,0
baseline,C,3,0.8441786494,0.8441786494,0
baseline,C,4,0.8568413292,0.8568413292,0
baseline,C,5,0.8696939491,0.8696939491,0
baseline,C,6,0.8827393584,0.8827393584,0
baseline,C,7,0.8959804487,0.8959804487,0
baseline,C,8,0.9094201555,0.9094201555,0
baseline,C,9,0.9230614578,0.9230614578,0
baseline,C,10,0.9369073797,0.9369073797,0
baseline,C,11,0.9509609904,0.9509609904,0
baseline,C,12,0.9652254052,0.9652254052,0
baseline,C,13,0.9797037863,0.9797037863,0
baseline,C,14,0.9943993431,0.9943993431,0
baseline,C,15,1.009315333,1.009315333,0
baseline,C,16,1.024455063,1.024455063,0
baseline,C,17,1.039821889,1.039821889,0
baseline,C,18,1.055419218,1.055419218,0
baseline,C,19,1.071250506,1.071250506,0
baseline,C,20,1.087319263,1.087319263,0
baseline,C,21,1.103629052,1.103629052,0
baseline,C,22,1.120183488,1.120183488,0
baseline,C,23,1.13698624,1.13698624,0
baseline,C,24,1.154041034,1.154041034,0
baseline,C,25,1.17135165,1.17135165,0
baseline,C,26,1.188921924,1.188921924,0
baseline,C,27,1.206755753,1.206755753,0
baseline,C,28,1.224857089,1.224857089,0
baseline,C,29,1.243229946,1.243229946,0
baseline,C,30,1.261878395,1.261878395,0
baseline,C,31,1.280806571,1.280806571,0
baseline,C,32,1.300018669,1.300018669,0
baseline,C,33,1.31951895,1.31951895,0
baseline,C,34,1.339311734,1.339311734,0
baseline,C,35,1.35940141,1.35940141,0
baseline,C,36,1.379792431,1.379792431,0
baseline,C,37,1.400489317,1.400489317,0
baseline,C,38,1.421496657,1.421496657,0
baseline,C,39,1.442819107,1.442819107,0
baseline,C,40,1.464461394,1.464461394,0
baseline,C,41,1.486428314,1.486428314,0
baseline,C,42,1.508724739,1.508724739,0
baseline,C,43,1.53135561,1.53135561,0
baseline,C,44,1.554325944,1.554325944,0
baseline,C,45,1.577640834,1.577640834,0
baseline,C,46,1.601305446,1.601305446,0
baseline,C,47,1.625325028,1.625325028,0
baseline,C,48,1.649704903,1.649704903,0
baseline,C,49,1.674450477,1.674450477,0
baseline,C,50,1.699567234,1.699567234,0
baseline,C,51,1.725060742,1.725060742,0
baseline,C,52,1.750936654,1.750936654,0
baseline,C,53,1.777200703,1.777200703,0
baseline,C,54,1.803858714,1.803858714,0
baseline,C,55,1.830916595,1.830916595,0
baseline,C,56,1.858380344,1.858380344,0
baseline,C,57,1.886256049,1.886256049,0
baseline,C,58,1.914549889,1.914549889,0
baseline,C,59,1.943268138,1.943268138,0
baseline,C,60,1.97241716,1.97241716,0
baseline,C,61,2.002003417,2.002003417,0
baseline,C,62,2.032033469,2.032033469,0
baseline,C,63,2.062513971,2.062513971,0
baseline,C,64,2.09345168,2.09345168,0
baseline,C,65,2.124853455,2.124853455,0
baseline,C,66,2.156726257,2.156726257,0
baseline,C,67,2.189077151,2.189077151,0
baseline,C,68,2.221913308,2.221913308,0
baseline,C,69,2.255242008,2.255242008,0
baseline,C,70,2.289070638,2.289070638,0
baseline,C,71,2.323406698,2.323406698,0
baseline,C,72,2.358257798,2.358257798,0
baseline,C,73,2.393631665,2.393631665,0
baseline,C,74,2.42953614,2.42953614,0
baseline,C,75,2.465979182,2.465979182,0
baseline,C,76,2.50296887,2.50296887,0
baseline,C,77,2.540513403,2.540513403,0
baseline,C,78,2.578621104,2.578621104,0
baseline,C,79,2.61730042,2.61730042,0
baseline,C,80,2.656559927,2.656559927,0
baseline,C,81,2.696408326,2.696408326,0
baseline,C,82,2.736854451,2.736854451,0
baseline,C,83,2.777907267,2.777907267,0
baseline,C,84,2.819575876,2.819575876,0
baseline,C,85,2.861869514,2.861869514,0
baseline,C,86,2.904797557,2.904797557,0
baseline,C,87,2.948369521,2.948369521,0
baseline,C,88,2.992595063,2.992595063,0
baseline,C,89,3.037483989,3.037483989,0
baseline,C,90,3.083046249,3.083046249,0
baseline,C,91,3.129291943,3.129291943,0
baseline,C,92,3.176231322,3.176231322,0
baseline,C,93,3.223874792,3.223874792,0
baseline,C,94,3.272232914,3.272232914,0
baseline,C,95,3.321316407,3.321316407,0
baseline,C,96,3.371136154,3.371136154,0
baseline,C,97,3.421703196,3.421703196,0
baseline,C,98,3.473028744,3.473028744,0
baseline,C,99,3.525124175,3.525124175,0
baseline,C,100,3.578001038,3.578001038,0
baseline,C,101,3.631671053,3.631671053,0
baseline,C,102,3.686146119,3.686146119,0
baseline,C,103,3.741438311,3.741438311,0
baseline,C,104,3.797559885,3.797559885,0
baseline,C,105,3.854523284,3.854523284,0
baseline,C,106,3.912341133,3.912341133,0
baseline,C,107,3.97102625,3.97102625,0
baseline,C,108,4.030591644,4.030591644,0
baseline,C,109,4.091050518,4.091050518,0
baseline,C,110,4.152416276,4.152416276,0
baseline,C,111,4.21470252,4.21470252,0
baseline,C,112,4.277923058,4.277923058,0
baseline,C,113,4.342091904,4.342091904,0
baseline,C,114,4.407223282,4.407223282,0
baseline,C,115,4.473331632,4.473331632,0
baseline,C,116,4.540431606,4.540431606,0
baseline,C,117,4.60853808,4.60853808,0
baseline,C,118,4.677666151,4.677666151,0
baseline,C,119,4.747831144,4.747831144,0
baseline,C,120,4.819048611,4.819048611,0
baseline,C,121,4.89133434,4.89133434,0
baseline,C,122,4.964704355,4.964704355,0
baseline,C,123,5.03917492,5.03917492,0
baseline,C,124,5.114762544,5.114762544,0
baseline,C,125,5.191483982,5.191483982,0
baseline,C,126,5.269356242,5.269356242,0
baseline,C,127,5.348396586,5.348396586,0
baseline,C,128,5.428622535,5.428622535,0
baseline,C,129,5.510051873,5.510051873,0
baseline,C,130,5.592702651,5.592702651,0
baseline,C,131,5.67659319,5.67659319,0
baseline,C,132,5.761742088,5.761742088,0
baseline,C,133,5.84816822,5.84816822,0
baseline,C,134,5.935890743,5.935890743,0
baseline,C,135,6.024929104,6.024929104,0
baseline,C,136,6.115303041,6.115303041,0
baseline,C,137,6.207032586,6.207032586,0
baseline,C,138,6.300138075,6.300138075,0
baseline,C,139,6.394640146,6.394640146,0
baseline,C,140,6.490559748,6.490559748,0
baseline,C,141,6.587918145,6.587918145,0
baseline,C,142,6.686736917,6.686736917,0
baseline,C,143,6.78703797,6.78703797,0
baseline,C,144,6.88884354,6.88884354,0
baseline,C,145,6.992176193,6.992176193,0
baseline,C,146,7.097058836,7.097058836,0
baseline,C,147,7.203514719,7.203514719,0
baseline,C,148,7.311567439,7.311567439,0
baseline,C,149,7.421240951,7.421240951,0
unanticipated,C,0,0.8073023882,0.8073023882,0
unanticipated,C,1,0.819411924,0.819411924,0
unanticipated,C,2,0.8317031029,0.8317031029,0
unanticipated,C,3,0.8441786494,0.8441786494,0
unanticipated,C,4,0.8568413292,0.8568413292,0
unanticipated,C,5,0.8696939491,0.8696939491,0
unanticipated,C,6,0.8827393584,0.8827393584,0
unanticipated,C,7,0.8959804487,0.8959804487,0
unanticipated,C,8,0.9094201555,0.9094201555,0
unanticipated,C,9,0.9230614578,0.9230614578,0
unanticipated,C,10,0.9369073797,0.9369073797,0
unanticipated,C,11,0.9509609904,0.9509609904,0
unanticipated,C,12,0.9652254052,0.9652254052,0
unanticipated,C,13,0.9797037863,0.9797037863,0
unanticipated,C,14,0.9943993431,0.9943993431,0
unanticipated,C,15,1.009315333,1.009315333,0
unanticipated,C,16,1.024455063,1.024455063,0
unanticipated,C,17,1.039821889,1.039821889,0
unanticipated,C,18,1.055419218,1.055419218,0
unanticipated,C,19,1.071250506,1.071250506,0
unanticipated,C,20,1.087319263,1.087319263,0
unanticipated,C,21,1.103629052,1.103629052,0
unanticipated,C,22,1.120183488,1.120183488,0
unanticipated,C,23,1.13698624,1.13698624,0
unanticipated,C,24,1.154041034,1.154041034,0
unanticipated,C,25,1.17135165,1.17135165,0
unanticipated,C,26,1.188921924,1.188921924,0
unanticipated,C,27,1.206755753,1.206755753,0
unanticipated,C,28,1.224857089,1.224857089,0
unanticipated,C,29,1.243229946,1.243229946,0
unanticipated,C,30,1.261878395,1.261878395,0
unanticipated,C,31,1.280806571,1.280806571,0
unanticipated,C,32,1.300018669,1.300018669,0
unanticipated,C,33,1.31951895,1.31951895,0
unanticipated,C,34,1.339311734,1.339311734,0
unanticipated,C,35,1.35940141,1.35940141,0
unanticipated,C,36,1.379792431,1.379792431,0
unanticipated,C,37,1.400489317,1.400489317,0
unanticipated,C,38,1.421496657,1.421496657,0
unanticipated,C,39,1.442819107,1.442819107,0
unanticipated,C,40,1.464461394,1.464461394,0
unanticipated,C,41,1.486428314,1.486428314,0
unanticipated,C,42,1.508724739,1.508724739,0
unanticipated,C,43,1.53135561,1.53135561,0
unanticipated,C,44,1.554325944,1.554325944,0
unanticipated,C,45,1.577640834,1.577640834,0
unanticipated,C,46,1.601305446,1.601305446,0
unanticipated,C,47,1.625325028,1.625325028,0
unanticipated,C,48,1.649704903,1.649704903,0
unanticipated,C,49,1.674450477,1.674450477,0
unanticipated,C,50,0.8073023882,1.699567234,-52.49953211
unanticipated,C,51,0.8137636407,1.725060742,-52.8269573
unanticipated,C,52,0.826159895,1.750936654,-52.8161174
unanticipated,C,53,0.8387284819,1.777200703,-52.80620358
unanticipated,C,54,0.8514718039,1.803858714,-52.79720095
unanticipated,C,55,0.8643922454,1.830916595,-52.78909766
unanticipated,C,56,0.8774921685,1.858380344,-52.78188496
unanticipated,C,57,0.890773909,1.886256049,-52.77555719
unanticipated,C,58,0.9042397717,1.914549889,-52.77011183
unanticipated,C,59,0.917892025,1.943268138,-52.76554958
unanticipated,C,60,0.9317328957,1.97241716,-52.76187438
unanticipated,C,61,0.9457645621,2.002003417,-52.75909352
unanticipated,C,62,0.9599891479,2.032033469,-52.7572177
unanticipated,C,63,0.9744087141,2.062513971,-52.75626114
unanticipated,C,64,0.9890252514,2.09345168,-52.75624172
unanticipated,C,65,1.003840671,2.124853455,-52.75718103
unanticipated,C,66,1.018856796,2.156726257,-52.75910458
unanticipated,C,67,1.034075348,2.189077151,-52.76204188
unanticipated,C,68,1.04949794,2.221913308,-52.76602665
unanticipated,C,69,1.065126061,2.255242008,-52.77109695
unanticipated,C,70,1.080961066,2.289070638,-52.77729536
unanticipated,C,71,1.097004158,2.323406698,-52.78466919
unanticipated,C,72,1.113256376,2.358257798,-52.79327066
unanticipated,C,73,1.129718577,2.393631665,-52.80315709
unanticipated,C,74,1.14639142,2.42953614,-52.81439113
unanticipated,C,75,1.163275349,2.465979182,-52.82704098
unanticipated,C,76,1.18037057,2.50296887,-52.84118057
unanticipated,C,77,1.197677033,2.540513403,-52.85688981
unanticipated,C,78,1.215194411,2.578621104,-52.8742548
unanticipated,C,79,1.232922077,2.61730042,-52.89336803
unanticipated,C,80,1.250859079,2.656559927,-52.91432857
unanticipated,C,81,1.269004118,2.696408326,-52.93724226
unanticipated,C,82,1.287355523,2.736854451,-52.9622219
unanticipated,C,83,1.305911226,2.777907267,-52.98938734
unanticipated,C,84,1.324668731,2.819575876,-53.01886562
unanticipated,C,85,1.343625099,2.861869514,-53.05079103
unanticipated,C,86,1.36277691,2.904797557,-53.08530516
unanticipated,C,87,1.382120246,2.948369521,-53.12255683
unanticipated,C,88,1.401650667,2.992595063,-53.16270203
unanticipated,C,89,1.42136318,3.037483989,-53.20590379
unanticipated,C,90,1.441252228,3.083046249,-53.25233188
unanticipated,C,91,1.461311663,3.129291943,-53.3021626
unanticipated,C,92,1.481534732,3.176231322,-53.3555783
unanticipated,C,93,1.501914064,3.223874792,-53.41276691
unanticipated,C,94,1.522441659,3.272232914,-53.47392135
unanticipated,C,95,1.543108883,3.321316407,-53.53923884
unanticipated,C,96,1.563906468,3.371136154,-53.60892006
unanticipated,C,97,1.584824511,3.421703196,-53.6831683
unanticipated,C,98,1.605852488,3.473028744,-53.76218837
unanticipated,C,99,1.62697927,3.525124175,-53.84618558
unanticipated,C,100,1.487042594,3.578001038,-58.43929114
unanticipated,C,101,1.488060291,3.631671053,-59.02546599
unanticipated,C,102,1.489615512,3.686146119,-59.58880999
unanticipated,C,103,1.491708768,3.741438311,-60.13007179
unanticipated,C,104,1.494340493,3.797559885,-60.64998215
unanticipated,C,105,1.497511041,3.854523284,-61.14925426
unanticipated,C,106,1.501220691,3.912341133,-61.62858401
unanticipated,C,107,1.50546965,3.97102625,-62.08865025
unanticipated,C,108,1.510258055,4.030591644,-62.53011497
unanticipated,C,109,1.515585975,4.091050518,-62.95362358
unanticipated,C,110,1.521453419,4.152416276,-63.35980505
unanticipated,C,111,1.527860339,4.21470252,-63.74927217
unanticipated,C,112,1.534806639,4.277923058,-64.12262169
unanticipated,C,113,1.542292177,4.342091904,-64.48043452
unanticipated,C,114,1.550316775,4.407223282,-64.8232759
unanticipated,C,115,1.558880224,4.473331632,-65.1516956
unanticipated,C,116,1.567982296,4.540431606,-65.46622806
unanticipated,C,117,1.577622746,4.60853808,-65.76739264
unanticipated,C,118,1.587801326,4.677666151,-66.0556937
unanticipated,C,119,1.598517789,4.747831144,-66.33162088
unanticipated,C,120,1.6097719,4.819048611,-66.59564926
unanticipated,C,121,1.621563443,4.89133434,-66.84823955
unanticipated,C,122,1.633892232,4.964704355,-67.08983828
unanticipated,C,123,1.646758117,5.03917492,-67.32087805
unanticipated,C,124,1.660160994,5.114762544,-67.54177775
unanticipated,C,125,1.674100814,5.191483982,-67.75294272
unanticipated,C,126,1.688577588,5.269356242,-67.95476506
unanticipated,C,127,1.703591399,5.348396586,-68.14762384
unanticipated,C,128,1.71914241,5.428622535,-68.33188532
unanticipated,C,129,1.735230867,5.510051873,-68.50790324
unanticipated,C,130,1.751857112,5.592702651,-68.67601907
unanticipated,C,131,1.769021585,5.67659319,-68.83656225
unanticipated,C,132,1.786724836,5.761742088,-68.98985049
unanticipated,C,133,1.804967526,5.84816822,-69.13619003
unanticipated,C,134,1.823750439,5.935890743,-69.27587589
unanticipated,C,135,1.843074482,6.024929104,-69.4091922
unanticipated,C,136,1.862940696,6.115303041,-69.53641245
unanticipated,C,137,1.883350256,6.207032586,-69.65779976
unanticipated,C,138,1.904304482,6.300138075,-69.77360719
unanticipated,C,139,1.925804837,6.394640146,-69.88407803
unanticipated,C,140,1.947852936,6.490559748,-69.98944604
unanticipated,C,141,1.970450548,6.587918145,-70.08993577
unanticipated,C,142,1.993599602,6.686736917,-70.18576285
unanticipated,C,143,2.017302187,6.78703797,-70.27713422
unanticipated,C,144,2.041560556,6.88884354,-70.36424845
unanticipated,C,145,2.066377132,6.992176193,-70.44729602
unanticipated,C,146,2.091754508,7.097058836,-70.52645954
unanticipated,C,147,2.117695448,7.203514719,-70.60191405
unanticipated,C,148,2.144202895,7.311567439,-70.67382729
unanticipated,C,149,2.171279966,7.421240951,-70.74235993
baseline,K,0,5.15733669,5.15733669,0
baseline,K,1,5.234696741,5.234696741,0
baseline,K,2,5.313217192,5.313217192,0
baseline,K,3,5.39291545,5.39291545,0
baseline,K,4,5.473809181,5.473809181,0
baseline,K,5,5.555916319,5.555916319,0
baseline,K,6,5.639255064,5.639255064,0
baseline,K,7,5.72384389,5.72384389,0
baseline,K,8,5.809701548,5.809701548,0
baseline,K,9,5.896847071,5.896847071,0
baseline,K,10,5.985299777,5.985299777,0
baseline,K,11,6.075079274,6.075079274,0
baseline,K,12,6.166205463,6.166205463,0
baseline,K,13,6.258698545,6.258698545,0
baseline,K,14,6.352579023,6.352579023,0
baseline,K,15,6.447867709,6.447867709,0
baseline,K,16,6.544585724,6.544585724,0
baseline,K,17,6.64275451,6.64275451,0
baseline,K,18,6.742395828,6.742395828,0
baseline,K,19,6.843531765,6.843531765,0
baseline,K,20,6.946184742,6.946184742,0
baseline,K,21,7.050377513,7.050377513,0
baseline,K,22,7.156133176,7.156133176,0
baseline,K,23,7.263475173,7.263475173,0
baseline,K,24,7.372427301,7.372427301,0
baseline,K,25,7.48301371,7.48301371,0
baseline,K,26,7.595258916,7.595258916,0
baseline,K,27,7.7091878,7.7091878,0
baseline,K,28,7.824825617,7.824825617,0
baseline,K,29,7.942198001,7.942198001,0
baseline,K,30,8.061330971,8.061330971,0
baseline,K,31,8.182250936,8.182250936,0
baseline,K,32,8.3049847,8.3049847,0
baseline,K,33,8.42955947,8.42955947,0
baseline,K,34,8.556002862,8.556002862,0
baseline,K,35,8.684342905,8.684342905,0
baseline,K,36,8.814608049,8.814608049,0
baseline,K,37,8.946827169,8.946827169,0
baseline,K,38,9.081029577,9.081029577,0
baseline,K,39,9.217245021,9.217245021,0
baseline,K,40,9.355503696,9.355503696,0
baseline,K,41,9.495836251,9.495836251,0
baseline,K,42,9.638273795,9.638273795,0
baseline,K,43,9.782847902,9.782847902,0
baseline,K,44,9.929590621,9.929590621,0
baseline,K,45,10.07853448,10.07853448,0
baseline,K,46,10.2297125,10.2297125,0
baseline,K,47,10.38315818,10.38315818,0
baseline,K,48,10.53890556,10.53890556,0
baseline,K,49,10.69698914,10.69698914,0
baseline,K,50,10.85744398,10.85744398,0
baseline,K,51,11.02030564,11.02030564,0
baseline,K,52,11.18561022,11.18561022,0
baseline,K,53,11.35339438,11.35339438,0
baseline,K,54,11.52369529,11.52369529,0
baseline,K,55,11.69655072,11.69655072,0
baseline,K,56,11.87199898,11.87199898,0
baseline,K,57,12.05007897,12.05007897,0
baseline,K,58,12.23083015,12.23083015,0
baseline,K,59,12.4142926,12.4142926,0
baseline,K,60,12.60050699,12.60050699,0
baseline,K,61,12.7895146,12.7895146,0
baseline,K,62,12.98135732,12.98135732,0
baseline,K,63,13.17607768,13.17607768,0
baseline,K,64,13.37371884,13.37371884,0
baseline,K,65,13.57432462,13.57432462,0
baseline,K,66,13.77793949,13.77793949,0
baseline,K,67,13.98460858,13.98460858,0
baseline,K,68,14.19437771,14.19437771,0
baseline,K,69,14.40729338,14.40729338,0
baseline,K,70,14.62340278,14.62340278,0
baseline,K,71,14.84275382,14.84275382,0
baseline,K,72,15.06539513,15.06539513,0
baseline,K,73,15.29137606,15.29137606,0
baseline,K,74,15.5207467,15.5207467,0
baseline,K,75,15.7535579,15.7535579,0
baseline,K,76,15.98986127,15.98986127,0
baseline,K,77,16.22970918,16.22970918,0
baseline,K,78,16.47315482,16.47315482,0
baseline,K,79,16.72025214,16.72025214,0
baseline,K,80,16.97105593,16.97105593,0
baseline,K,81,17.22562177,17.22562177,0
baseline,K,82,17.48400609,17.48400609,0
baseline,K,83,17.74626618,17.74626618,0
baseline,K,84,18.01246018,18.01246018,0
baseline,K,85,18.28264708,18.28264708,0
baseline,K,86,18.55688679,18.55688679,0
baseline,K,87,18.83524009,18.83524009,0
baseline,K,88,19.11776869,19.11776869,0
baseline,K,89,19.40453522,19.40453522,0
baseline,K,90,19.69560325,19.69560325,0
baseline,K,91,19.9910373,19.9910373,0
baseline,K,92,20.29090285,20.29090285,0
baseline,K,93,20.5952664,20.5952664,0
baseline,K,94,20.90419539,20.90419539,0
baseline,K,95,21.21775832,21.21775832,0
baseline,K,96,21.5360247,21.5360247,0
baseline,K,97,21.85906507,21.85906507,0
baseline,K,98,22.18695105,22.18695105,0
baseline,K,99,22.51975531,22.51975531,0
baseline,K,100,22.85755164,22.85755164,0
baseline,K,101,23.20041492,23.20041492,0
baseline,K,102,23.54842114,23.54842114,0
baseline,K,103,23.90164746,23.90164746,0
baseline,K,104,24.26017217,24.26017217,0
baseline,K,105,24.62407475,24.62407475,0
baseline,K,106,24.99343587,24.99343587,0
baseline,K,107,25.36833741,25.36833741,0
baseline,K,108,25.74886247,25.74886247,0
baseline,K,109,26.13509541,26.13509541,0
baseline,K,110,26.52712184,26.52712184,0
baseline,K,111,26.92502867,26.92502867,0
baseline,K,112,27.3289041,27.3289041,0
baseline,K,113,27.73883766,27.73883766,0
baseline,K,114,28.15492022,28.15492022,0
baseline,K,115,28.57724403,28.57724403,0
baseline,K,116,29.00590269,29.00590269,0
baseline,K,117,29.44099123,29.44099123,0
baseline,K,118,29.8826061,29.8826061,0
baseline,K,119,30.33084519,30.33084519,0
baseline,K,120,30.78580787,30.78580787,0
baseline,K,121,31.24759498,31.24759498,0
baseline,K,122,31.71630891,31.71630891,0
baseline,K,123,32.19205354,32.19205354,0
baseline,K,124,32.67493435,32.67493435,0
baseline,K,125,33.16505836,33.16505836,0
baseline,K,126,33.66253424,33.66253424,0
baseline,K,127,34.16747225,34.16747225,0
baseline,K,128,34.67998433,34.67998433,0
baseline,K,129,35.2001841,35.2001841,0
baseline,K,130,35.72818686,35.72818686,0
baseline,K,131,36.26410966,36.26410966,0
baseline,K,132,36.80807131,36.80807131,0
baseline,K,133,37.36019238,37.36019238,0
baseline,K,134,37.92059526,37.92059526,0
baseline,K,135,38.48940419,38.48940419,0
baseline,K,136,39.06674525,39.06674525,0
baseline,K,137,39.65274643,39.65274643,0
baseline,K,138,40.24753763,40.24753763,0
baseline,K,139,40.85125069,40.85125069,0
baseline,K,140,41.46401945,41.46401945,0
baseline,K,141,42.08597975,42.08597975,0
baseline,K,142,42.71726944,42.71726944,0
baseline,K,143,43.35802848,43.35802848,0
baseline,K,144,44.00839891,44.00839891,0
baseline,K,145,44.6685249,44.6685249,0
baseline,K,146,45.33855277,45.33855277,0
baseline,K,147,46.01863106,46.01863106,0
baseline,K,148,46.70891053,46.70891053,0
baseline,K,149,47.40954418,47.40954418,0
unanticipated,K,0,5.15733669,5.15733669,0
unanticipated,K,1,5.234696741,5.234696741,0
unanticipated,K,2,5.313217192,5.313217192,0
unanticipated,K,3,5.39291545,5.39291545,0
unanticipated,K,4,5.473809181,5.473809181,0
unanticipated,K,5,5.555916319,5.555916319,0
unanticipated,K,6,5.639255064,5.639255064,0
unanticipated,K,7,5.72384389,5.72384389,0
unanticipated,K,8,5.809701548,5.809701548,0
unanticipated,K,9,5.896847071,5.896847071,0
unanticipated,K,10,5.985299777,5.985299777,0
unanticipated,K,11,6.075079274,6.075079274,0
unanticipated,K,12,6.166205463,6.166205463,0
unanticipated,K,13,6.258698545,6.258698545,0
unanticipated,K,14,6.352579023,6.352579023,0
unanticipated,K,15,6.447867709,6.447867709,0
unanticipated,K,16,6.544585724,6.544585724,0
unanticipated,K,17,6.64275451,6.64275451,0
unanticipated,K,18,6.742395828,6.742395828,0
unanticipated,K,19,6.843531765,6.843531765,0
unanticipated,K,20,6.946184742,6.946184742,0
unanticipated,K,21,7.050377513,7.050377513,0
unanticipated,K,22,7.156133176,7.156133176,0
unanticipated,K,23,7.263475173,7.263475173,0
unanticipated,K,24,7.372427301,7.372427301,0
unanticipated,K,25,7.48301371,7.48301371,0
unanticipated,K,26,7.595258916,7.595258916,0
unanticipated,K,27,7.7091878,7.7091878,0
unanticipated,K,28,7.824825617,7.824825617,0
unanticipated,K,29,7.942198001,7.942198001,0
unanticipated,K,30,8.061330971,8.061330971,0
unanticipated,K,31,8.182250936,8.182250936,0
unanticipated,K,32,8.3049847,8.3049847,0
unanticipated,K,33,8.42955947,8.42955947,0
unanticipated,K,34,8.556002862,8.556002862,0
unanticipated,K,35,8.684342905,8.684342905,0
unanticipated,K,36,8.814608049,8.814608049,0
unanticipated,K,37,8.946827169,8.946827169,0
unanticipated,K,38,9.081029577,9.081029577,0
unanticipated,K,39,9.217245021,9.217245021,0
unanticipated,K,40,9.355503696,9.355503696,0
unanticipated,K,41,9.495836251,9.495836251,0
unanticipated,K,42,9.638273795,9.638273795,0
unanticipated,K,43,9.782847902,9.782847902,0
unanticipated,K,44,9.929590621,9.929590621,0
unanticipated,K,45,10.07853448,10.07853448,0
unanticipated,K,46,10.2297125,10.2297125,0
unanticipated,K,47,10.38315818,10.38315818,0
unanticipated,K,48,10.53890556,10.53890556,0
unanticipated,K,49,10.69698914,10.69698914,0
unanticipated,K,50,5.15733669,10.85744398,-52.49953211
unanticipated,K,51,5.244404604,11.02030564,-52.41144142
unanticipated,K,52,5.333212339,11.18561022,-52.32077434
unanticipated,K,53,5.4238421,11.35339438,-52.22713208
unanticipated,K,54,5.516381881,11.52369529,-52.13009593
unanticipated,K,55,5.610925972,11.69655072,-52.02922548
unanticipated,K,56,5.707575501,11.87199898,-51.92405668
unanticipated,K,57,5.806439023,12.05007897,-51.81409981
unanticipated,K,58,5.907633164,12.23083015,-51.69883735
unanticipated,K,59,6.011283303,12.4142926,-51.57772178
unanticipated,K,60,6.117524315,12.60050699,-51.45017325
unanticipated,K,61,6.226501373,12.7895146,-51.3155771
unanticipated,K,62,6.338370809,12.98135732,-51.17328138
unanticipated,K,63,6.453301037,13.17607768,-51.02259416
unanticipated,K,64,6.571473551,13.37371884,-50.86278073
unanticipated,K,65,6.693083987,13.57432462,-50.69306081
unanticipated,K,66,6.818343269,13.77793949,-50.51260551
unanticipated,K,67,6.947478826,13.98460858,-50.3205343
unanticipated,K,68,7.080735897,14.19437771,-50.1159118
unanticipated,K,69,7.218378922,14.40729338,-49.89774462
unanticipated,K,70,7.360693013,14.62340278,-49.66497795
unanticipated,K,71,7.507985525,14.84275382,-49.41649228
unanticipated,K,72,7.66058771,15.06539513,-49.15109996
unanticipated,K,73,7.818856473,15.29137606,-48.86754178
unanticipated,K,74,7.98317621,15.5207467,-48.56448362
unanticipated,K,75,8.153960747,15.7535579,-48.24051303
unanticipated,K,76,8.331655365,15.98986127,-47.894136
unanticipated,K,77,8.51673891,16.22970918,-47.52377376
unanticipated,K,78,8.709725991,16.47315482,-47.12775977
unanticipated,K,79,8.911169246,16.72025214,-46.70433694
unanticipated,K,80,9.121661681,16.97105593,-46.25165505
unanticipated,K,81,9.341839069,17.22562177,-45.76776852
unanticipated,K,82,9.572382388,17.48400609,-45.25063456
unanticipated,K,83,9.814020297,17.74626618,-44.69811173
unanticipated,K,84,10.06753163,18.01246018,-44.107959
unanticipated,K,85,10.33374786,18.28264708,-43.47783546
unanticipated,K,86,10.61355562,18.55688679,-42.80530055
unanticipated,K,87,10.90789906,18.83524009,-42.08781515
unanticipated,K,88,11.2177822,19.11776869,-41.32274332
unanticipated,K,89,11.54427125,19.40453522,-40.50735498
unanticipated,K,90,11.88849666,19.69560325,-39.63882949
unanticipated,K,91,12.25165511,19.9910373,-38.71426015
unanticipated,K,92,12.63501134,20.29090285,-37.73065976
unanticipated,K,93,13.03989967,20.5952664,-36.68496723
unanticipated,K,94,13.46772538,20.90419539,-35.57405522
unanticipated,K,95,13.91996576,21.21775832,-34.39473885
unanticipated,K,96,14.39817086,21.5360247,-33.14378553
unanticipated,K,97,14.90396397,21.85906507,-31.81792578
unanticipated,K,98,15.4390417,22.18695105,-30.41386502
unanticipated,K,99,16.00517376,22.51975531,-28.92829635
unanticipated,K,100,15.72897899,22.85755164,-31.1869476
unanticipated,K,101,15.4691399,23.20041492,-33.32386529
unanticipated,K,102,15.22505096,23.54842114,-35.34576746
unanticipated,K,103,14.99613234,23.90164746,-37.2590012
unanticipated,K,104,14.78182908,24.26017217,-39.06956232
unanticipated,K,105,14.58161028,24.62407475,-40.78311396
unanticipated,K,106,14.39496829,24.99343587,-42.40500442
unanticipated,K,107,14.22141789,25.36833741,-43.94028407
unanticipated,K,108,14.06049556,25.74886247,-45.39372145
unanticipated,K,109,13.91175869,26.13509541,-46.76981861
unanticipated,K,110,13.77478481,26.52712184,-48.07282565
unanticipated,K,111,13.64917087,26.92502867,-49.30675455
unanticipated,K,112,13.53453254,27.3289041,-50.47539232
unanticipated,K,113,13.43050348,27.73883766,-51.58231342
unanticipated,K,114,13.33673466,28.15492022,-52.63089166
unanticipated,K,115,13.25289372,28.57724403,-53.62431134
unanticipated,K,116,13.17866426,29.00590269,-54.5655779
unanticipated,K,117,13.11374528,29.44099123,-55.45752799
unanticipated,K,118,13.0578505,29.8826061,-56.30283899
unanticipated,K,119,13.01070782,30.33084519,-57.10403803
unanticipated,K,120,12.9720587,30.78580787,-57.86351051
unanticipated,K,121,12.94165762,31.24759498,-58.58350817
unanticipated,K,122,12.91927157,31.71630891,-59.26615672
unanticipated,K,123,12.90467945,32.19205354,-59.913463
unanticipated,K,124,12.89767168,32.67493435,-60.52732182
unanticipated,K,125,12.8980496,33.16505836,-61.10952236
unanticipated,K,126,12.90562511,33.66253424,-61.66175422
unanticipated,K,127,12.92022014,34.16747225,-62.18561314
unanticipated,K,128,12.94166627,34.67998433,-62.68260635
unanticipated,K,129,12.96980432,35.2001841,-63.15415771
unanticipated,K,130,13.00448392,35.72818686,-63.60161243
unanticipated,K,131,13.04556318,36.26410966,-64.02624163
unanticipated,K,132,13.09290829,36.80807131,-64.42924656
unanticipated,K,133,13.14639319,37.36019238,-64.81176258
unanticipated,K,134,13.20589926,37.92059526,-65.17486297
unanticipated,K,135,13.27131498,38.48940419,-65.51956244
unanticipated,K,136,13.34253563,39.06674525,-65.84682051
unanticipated,K,137,13.41946303,39.65274643,-66.1575446
unanticipated,K,138,13.50200525,40.24753763,-66.45259301
unanticipated,K,139,13.59007636,40.85125069,-66.73277774
unanticipated,K,140,13.68359619,41.46401945,-66.99886704
unanticipated,K,141,13.78249006,42.08597975,-67.25158795
unanticipated,K,142,13.88668862,42.71726944,-67.49162856
unanticipated,K,143,13.99612759,43.35802848,-67.71964022
unanticipated,K,144,14.11074757,44.00839891,-67.93623963
unanticipated,K,145,14.23049388,44.6685249,-68.14201071
unanticipated,K,146,14.35531634,45.33855277,-68.33750647
unanticipated,K,147,14.48516913,46.01863106,-68.52325071
unanticipated,K,148,14.62001061,46.70891053,-68.69973964
unanticipated,K,149,14.75980318,47.40954418,-68.86744339
baseline,E,0,0.4042188736,0.4042188736,0
baseline,E,1,0.4102821567,0.4102821567,0
baseline,E,2,0.416436389,0.416436389,0
baseline,E,3,0.4226829348,0.4226829348,0
baseline,E,4,0.4290231789,0.4290231789,0
baseline,E,5,0.4354585265,0.4354585265,0
baseline,E,6,0.4419904044,0.4419904044,0
baseline,E,7,0.4486202605,0.4486202605,0
baseline,E,8,0.4553495644,0.4553495644,0
baseline,E,9,0.4621798079,0.4621798079,0
baseline,E,10,0.469112505,0.469112505,0
baseline,E,11,0.4761491926,0.4761491926,0
baseline,E,12,0.4832914305,0.4832914305,0
baseline,E,13,0.4905408019,0.4905408019,0
baseline,E,14,0.497898914,0.497898914,0
baseline,E,15,0.5053673977,0.5053673977,0
baseline,E,16,0.5129479086,0.5129479086,0
baseline,E,17,0.5206421273,0.5206421273,0
baseline,E,18,0.5284517592,0.5284517592,0
baseline,E,19,0.5363785356,0.5363785356,0
baseline,E,20,0.5444242136,0.5444242136,0
baseline,E,21,0.5525905768,0.5525905768,0
baseline,E,22,0.5608794354,0.5608794354,0
baseline,E,23,0.569292627,0.569292627,0
baseline,E,24,0.5778320164,0.5778320164,0
baseline,E,25,0.5864994966,0.5864994966,0
baseline,E,26,0.5952969891,0.5952969891,0
baseline,E,27,0.6042264439,0.6042264439,0
baseline,E,28,0.6132898406,0.6132898406,0
baseline,E,29,0.6224891882,0.6224891882,0
baseline,E,30,0.631826526,0.631826526,0
baseline,E,31,0.6413039239,0.6413039239,0
baseline,E,32,0.6509234828,0.6509234828,0
baseline,E,33,0.660687335,0.660687335,0
baseline,E,34,0.670597645,0.670597645,0
baseline,E,35,0.6806566097,0.6806566097,0
baseline,E,36,0.6908664588,0.6908664588,0
baseline,E,37,0.7012294557,0.7012294557,0
baseline,E,38,0.7117478976,0.7117478976,0
baseline,E,39,0.722424116,0.722424116,0
baseline,E,40,0.7332604778,0.7332604778,0
baseline,E,41,0.7442593849,0.7442593849,0
baseline,E,42,0.7554232757,0.7554232757,0
baseline,E,43,0.7667546248,0.7667546248,0
baseline,E,44,0.7782559442,0.7782559442,0
baseline,E,45,0.7899297834,0.7899297834,0
baseline,E,46,0.8017787301,0.8017787301,0
baseline,E,47,0.8138054111,0.8138054111,0
baseline,E,48,0.8260124922,0.8260124922,0
baseline,E,49,0.8384026796,0.8384026796,0
baseline,E,50,0.8509787198,0.8509787198,0
baseline,E,51,0.8637434006,0.8637434006,0
baseline,E,52,0.8766995516,0.8766995516,0
baseline,E,53,0.8898500449,0.8898500449,0
baseline,E,54,0.9031977956,0.9031977956,0
baseline,E,55,0.9167457625,0.9167457625,0
baseline,E,56,0.9304969489,0.9304969489,0
baseline,E,57,0.9444544032,0.9444544032,0
baseline,E,58,0.9586212192,0.9586212192,0
baseline,E,59,0.9730005375,0.9730005375,0
baseline,E,60,0.9875955456,0.9875955456,0
baseline,E,61,1.002409479,1.002409479,0
baseline,E,62,1.017445621,1.017445621,0
baseline,E,63,1.032707305,1.032707305,0
baseline,E,64,1.048197915,1.048197915,0
baseline,E,65,1.063920884,1.063920884,0
baseline,E,66,1.079879697,1.079879697,0
baseline,E,67,1.096077892,1.096077892,0
baseline,E,68,1.112519061,1.112519061,0
baseline,E,69,1.129206847,1.129206847,0
baseline,E,70,1.146144949,1.146144949,0
baseline,E,71,1.163337123,1.163337123,0
baseline,E,72,1.18078718,1.18078718,0
baseline,E,73,1.198498988,1.198498988,0
baseline,E,74,1.216476473,1.216476473,0
baseline,E,75,1.23472362,1.23472362,0
baseline,E,76,1.253244474,1.253244474,0
baseline,E,77,1.272043141,1.272043141,0
baseline,E,78,1.291123789,1.291123789,0
baseline,E,79,1.310490645,1.310490645,0
baseline,E,80,1.330148005,1.330148005,0
baseline,E,81,1.350100225,1.350100225,0
baseline,E,82,1.370351728,1.370351728,0
baseline,E,83,1.390907004,1.390907004,0
baseline,E,84,1.411770609,1.411770609,0
baseline,E,85,1.432947169,1.432947169,0
baseline,E,86,1.454441376,1.454441376,0
baseline,E,87,1.476257997,1.476257997,0
baseline,E,88,1.498401867,1.498401867,0
baseline,E,89,1.520877895,1.520877895,0
baseline,E,90,1.543691063,1.543691063,0
baseline,E,91,1.566846429,1.566846429,0
baseline,E,92,1.590349126,1.590349126,0
baseline,E,93,1.614204362,1.614204362,0
baseline,E,94,1.638417428,1.638417428,0
baseline,E,95,1.662993689,1.662993689,0
baseline,E,96,1.687938595,1.687938595,0
baseline,E,97,1.713257674,1.713257674,0
baseline,E,98,1.738956539,1.738956539,0
baseline,E,99,1.765040887,1.765040887,0
baseline,E,100,1.7915165,1.7915165,0
baseline,E,101,1.818389247,1.818389247,0
baseline,E,102,1.845665086,1.845665086,0
baseline,E,103,1.873350063,1.873350063,0
baseline,E,104,1.901450313,1.901450313,0
baseline,E,105,1.929972068,1.929972068,0
baseline,E,106,1.958921649,1.958921649,0
baseline,E,107,1.988305474,1.988305474,0
baseline,E,108,2.018130056,2.018130056,0
baseline,E,109,2.048402007,2.048402007,0
baseline,E,110,2.079128037,2.079128037,0
baseline,E,111,2.110314958,2.110314958,0
baseline,E,112,2.141969682,2.141969682,0
baseline,E,113,2.174099227,2.174099227,0
baseline,E,114,2.206710716,2.206710716,0
baseline,E,115,2.239811376,2.239811376,0
baseline,E,116,2.273408547,2.273408547,0
baseline,E,117,2.307509675,2.307509675,0
baseline,E,118,2.34212232,2.34212232,0
baseline,E,119,2.377254155,2.377254155,0
baseline,E,120,2.412912967,2.412912967,0
baseline,E,121,2.449106662,2.449106662,0
baseline,E,122,2.485843262,2.485843262,0
baseline,E,123,2.523130911,2.523130911,0
baseline,E,124,2.560977874,2.560977874,0
baseline,E,125,2.599392542,2.599392542,0
baseline,E,126,2.638383431,2.638383431,0
baseline,E,127,2.677959182,2.677959182,0
baseline,E,128,2.71812857,2.71812857,0
baseline,E,129,2.758900498,2.758900498,0
baseline,E,130,2.800284006,2.800284006,0
baseline,E,131,2.842288266,2.842288266,0
baseline,E,132,2.88492259,2.88492259,0
baseline,E,133,2.928196429,2.928196429,0
baseline,E,134,2.972119375,2.972119375,0
baseline,E,135,3.016701166,3.016701166,0
baseline,E,136,3.061951683,3.061951683,0
baseline,E,137,3.107880959,3.107880959,0
baseline,E,138,3.154499173,3.154499173,0
baseline,E,139,3.201816661,3.201816661,0
baseline,E,140,3.24984391,3.24984391,0
baseline,E,141,3.298591569,3.298591569,0
baseline,E,142,3.348070443,3.348070443,0
baseline,E,143,3.398291499,3.398291499,0
baseline,E,144,3.449265872,3.449265872,0
baseline,E,145,3.50100486,3.50100486,0
baseline,E,146,3.553519933,3.553519933,0
baseline,E,147,3.606822732,3.606822732,0
baseline,E,148,3.660925073,3.660925073,0
baseline,E,149,3.715838949,3.715838949,0
unanticipated,E,0,0.4042188736,0.4042188736,0
unanticipated,E,1,0.4102821567,0.4102821567,0
unanticipated,E,2,0.416436389,0.416436389,0
unanticipated,E,3,0.4226829348,0.4226829348,0
unanticipated,E,4,0.4290231789,0.4290231789,0
unanticipated,E,5,0.4354585265,0.4354585265,0
unanticipated,E,6,0.4419904044,0.4419904044,0
unanticipated,E,7,0.4486202605,0.4486202605,0
unanticipated,E,8,0.4553495644,0.4553495644,0
unanticipated,E,9,0.4621798079,0.4621798079,0
unanticipated,E,10,0.469112505,0.469112505,0
unanticipated,E,11,0.4761491926,0.4761491926,0
unanticipated,E,12,0.4832914305,0.4832914305,0
unanticipated,E,13,0.4905408019,0.4905408019,0
unanticipated,E,14,0.497898914,0.497898914,0
unanticipated,E,15,0.5053673977,0.5053673977,0
unanticipated,E,16,0.5129479086,0.5129479086,0
unanticipated,E,17,0.5206421273,0.5206421273,0
unanticipated,E,18,0.5284517592,0.5284517592,0
unanticipated,E,19,0.5363785356,0.5363785356,0
unanticipated,E,20,0.5444242136,0.5444242136,0
unanticipated,E,21,0.5525905768,0.5525905768,0
unanticipated,E,22,0.5608794354,0.5608794354,0
unanticipated,E,23,0.569292627,0.569292627,0
unanticipated,E,24,0.5778320164,0.5778320164,0
unanticipated,E,25,0.5864994966,0.5864994966,0
unanticipated,E,26,0.5952969891,0.5952969891,0
unanticipated,E,27,0.6042264439,0.6042264439,0
unanticipated,E,28,0.6132898406,0.6132898406,0
unanticipated,E,29,0.6224891882,0.6224891882,0
unanticipated,E,30,0.631826526,0.631826526,0
unanticipated,E,31,0.6413039239,0.6413039239,0
unanticipated,E,32,0.6509234828,0.6509234828,0
unanticipated,E,33,0.660687335,0.660687335,0
unanticipated,E,34,0.670597645,0.670597645,0
unanticipated,E,35,0.6806566097,0.6806566097,0
unanticipated,E,36,0.6908664588,0.6908664588,0
unanticipated,E,37,0.7012294557,0.7012294557,0
unanticipated,E,38,0.7117478976,0.7117478976,0
unanticipated,E,39,0.722424116,0.722424116,0
unanticipated,E,40,0.7332604778,0.7332604778,0
unanticipated,E,41,0.7442593849,0.7442593849,0
unanticipated,E,42,0.7554232757,0.7554232757,0
unanticipated,E,43,0.7667546248,0.7667546248,0
unanticipated,E,44,0.7782559442,0.7782559442,0
unanticipated,E,45,0.7899297834,0.7899297834,0
unanticipated,E,46,0.8017787301,0.8017787301,0
unanticipated,E,47,0.8138054111,0.8138054111,0
unanticipated,E,48,0.8260124922,0.8260124922,0
unanticipated,E,49,0.8384026796,0.8384026796,0
unanticipated,E,50,0.4042188736,0.8509787198,-52.49953211
unanticipated,E,51,0.4119059888,0.8637434006,-52.31153274
unanticipated,E,52,0.4184310979,0.8766995516,-52.27200731
unanticipated,E,53,0.4250754204,0.8898500449,-52.2306682
unanticipated,E,54,0.4318430552,0.9031977956,-52.18732183
unanticipated,E,55,0.4387383534,0.9167457625,-52.14176369
unanticipated,E,56,0.4457659384,0.9304969489,-52.09377753
unanticipated,E,57,0.4529307277,0.9444544032,-52.04313452
unanticipated,E,58,0.4602379554,0.9586212192,-51.98959233
unanticipated,E,59,0.467693197,0.9730005375,-51.93289428
unanticipated,E,60,0.475302396,0.9875955456,-51.87276835
unanticipated,E,61,0.4830718913,1.002409479,-51.80892624
unanticipated,E,62,0.4910084473,1.017445621,-51.74106241
unanticipated,E,63,0.4991192851,1.032707305,-51.66885306
unanticipated,E,64,0.5074121165,1.048197915,-51.59195517
unanticipated,E,65,0.5158951785,1.063920884,-51.51000545
unanticipated,E,66,0.5245772707,1.079879697,-51.42261936
unanticipated,E,67,0.5334677945,1.096077892,-51.32939016
unanticipated,E,68,0.5425767929,1.112519061,-51.22988791
unanticipated,E,69,0.5519149935,1.129206847,-51.12365859
unanticipated,E,70,0.5614938522,1.146144949,-51.01022322
unanticipated,E,71,0.571325598,1.163337123,-50.88907708
unanticipated,E,72,0.5814232797,1.18078718,-50.75968901
unanticipated,E,73,0.5918008128,1.198498988,-50.62150083
unanticipated,E,74,0.6024730276,1.216476473,-50.47392687
unanticipated,E,75,0.6134557166,1.23472362,-50.31635366
unanticipated,E,76,0.6247656826,1.253244474,-50.14813986
unanticipated,E,77,0.6364207851,1.272043141,-49.96861629
unanticipated,E,78,0.6484399859,1.291123789,-49.77708631
unanticipated,E,79,0.6608433925,1.310490645,-49.57282642
unanticipated,E,80,0.6736522981,1.330148005,-49.35508714
unanticipated,E,81,0.6868892192,1.350100225,-49.12309424
unanticipated,E,82,0.7005779276,1.370351728,-48.87605035
unanticipated,E,83,0.7147434777,1.390907004,-48.61313693
unanticipated,E,84,0.7294122273,1.411770609,-48.33351662
unanticipated,E,85,0.744611851,1.432947169,-48.03633607
unanticipated,E,86,0.7603713459,1.454441376,-47.72072919
unanticipated,E,87,0.7767210276,1.476257997,-47.38582082
unanticipated,E,88,0.7936925167,1.498401867,-47.03073092
unanticipated,E,89,0.8113187143,1.520877895,-46.6545791
unanticipated,E,90,0.8296337656,1.543691063,-46.25648969
unanticipated,E,91,0.8486730128,1.566846429,-45.83559709
unanticipated,E,92,0.8684729341,1.590349126,-45.39105155
unanticipated,E,93,0.8890710715,1.614204362,-44.92202523
unanticipated,E,94,0.9105059455,1.638417428,-44.42771848
unanticipated,E,95,0.9328169583,1.662993689,-43.90736632
unanticipated,E,96,0.9560442854,1.687938595,-43.36024495
unanticipated,E,97,0.9802287566,1.713257674,-42.78567832
unanticipated,E,98,1.005411728,1.738956539,-42.18304449
unanticipated,E,99,1.031634947,1.765040887,-41.5517819
unanticipated,E,100,0.9205583822,1.7915165,-48.61569055
unanticipated,E,101,0.926540388,1.818389247,-49.04609179
unanticipated,E,102,0.9327171833,1.845665086,-49.4644402
unanticipated,E,103,0.9390950981,1.873350063,-49.87081609
unanticipated,E,104,0.9456803097,1.901450313,-50.26531575
unanticipated,E,105,0.9524788382,1.929972068,-50.64805062
unanticipated,E,106,0.9594965431,1.958921649,-51.0191465
unanticipated,E,107,0.9667391206,1.988305474,-51.37874269
unanticipated,E,108,0.9742121017,2.018130056,-51.72699109
unanticipated,E,109,0.9819208522,2.048402007,-52.06405535
unanticipated,E,110,0.9898705722,2.079128037,-52.39010996
unanticipated,E,111,0.9980662979,2.110314958,-52.70533935
unanticipated,E,112,1.006512903,2.141969682,-53.00993699
unanticipated,E,113,1.015215103,2.174099227,-53.30410453
unanticipated,E,114,1.024177455,2.206710716,-53.58805085
unanticipated,E,115,1.033404369,2.239811376,-53.86199125
unanticipated,E,116,1.042900104,2.273408547,-54.12614659
unanticipated,E,117,1.052668782,2.307509675,-54.38074242
unanticipated,E,118,1.062714389,2.34212232,-54.62600822
unanticipated,E,119,1.073040782,2.377254155,-54.8621766
unanticipated,E,120,1.083651699,2.412912967,-55.08948254
unanticipated,E,121,1.094550764,2.449106662,-55.30816271
unanticipated,E,122,1.105741495,2.485843262,-55.51845477
unanticipated,E,123,1.117227312,2.523130911,-55.7205967
unanticipated,E,124,1.129011546,2.560977874,-55.91482624
unanticipated,E,125,1.141097446,2.599392542,-56.10138032
unanticipated,E,126,1.15348819,2.638383431,-56.28049447
unanticipated,E,127,1.166186889,2.677959182,-56.45240239
unanticipated,E,128,1.179196599,2.71812857,-56.61733549
unanticipated,E,129,1.192520327,2.758900498,-56.77552243
unanticipated,E,130,1.206161042,2.800284006,-56.92718881
unanticipated,E,131,1.220121681,2.842288266,-57.07255679
unanticipated,E,132,1.234405156,2.88492259,-57.21184476
unanticipated,E,133,1.249014364,2.928196429,-57.34526715
unanticipated,E,134,1.263952193,2.972119375,-57.47303411
unanticipated,E,135,1.27922153,3.016701166,-57.59535136
unanticipated,E,136,1.294825268,3.061951683,-57.71241998
unanticipated,E,137,1.310766313,3.107880959,-57.82443632
unanticipated,E,138,1.327047589,3.154499173,-57.93159179
unanticipated,E,139,1.343672047,3.201816661,-58.03407286
unanticipated,E,140,1.360642668,3.24984391,-58.13206093
unanticipated,E,141,1.377962473,3.298591569,-58.2257323
unanticipated,E,142,1.395634521,3.348070443,-58.31525814
unanticipated,E,143,1.413661924,3.398291499,-58.4008045
unanticipated,E,144,1.432047845,3.449265872,-58.48253229
unanticipated,E,145,1.450795502,3.50100486,-58.5605973
unanticipated,E,146,1.46990818,3.553519933,-58.63515028
unanticipated,E,147,1.489389226,3.606822732,-58.70633694
unanticipated,E,148,1.50924206,3.660925073,-58.77429804
unanticipated,E,149,1.529470173,3.715838949,-58.83916944
baseline,S,0,11.72234733,11.72234733,0
baseline,S,1,11.89818254,11.89818254,0
baseline,S,2,12.07665528,12.07665528,0
baseline,S,3,12.25780511,12.25780511,0
baseline,S,4,12.44167219,12.44167219,0
baseline,S,5,12.62829727,12.62829727,0
baseline,S,6,12.81772173,12.81772173,0
baseline,S,7,13.00998755,13.00998755,0
baseline,S,8,13.20513737,13.20513737,0
baseline,S,9,13.40321443,13.40321443,0
baseline,S,10,13.60426265,13.60426265,0
baseline,S,11,13.80832658,13.80832658,0
baseline,S,12,14.01545148,14.01545148,0
baseline,S,13,14.22568326,14.22568326,0
baseline,S,14,14.4390685,14.4390685,0
baseline,S,15,14.65565453,14.65565453,0
baseline,S,16,14.87548935,14.87548935,0
baseline,S,17,15.09862169,15.09862169,0
baseline,S,18,15.32510102,15.32510102,0
baseline,S,19,15.55497753,15.55497753,0
baseline,S,20,15.78830219,15.78830219,0
baseline,S,21,16.02512673,16.02512673,0
baseline,S,22,16.26550363,16.26550363,0
baseline,S,23,16.50948618,16.50948618,0
baseline,S,24,16.75712848,16.75712848,0
baseline,S,25,17.0084854,17.0084854,0
baseline,S,26,17.26361268,17.26361268,0
baseline,S,27,17.52256687,17.52256687,0
baseline,S,28,17.78540538,17.78540538,0
baseline,S,29,18.05218646,18.05218646,0
baseline,S,30,18.32296925,18.32296925,0
baseline,S,31,18.59781379,18.59781379,0
baseline,S,32,18.876781,18.876781,0
baseline,S,33,19.15993271,19.15993271,0
baseline,S,34,19.44733171,19.44733171,0
baseline,S,35,19.73904168,19.73904168,0
baseline,S,36,20.03512731,20.03512731,0
baseline,S,37,20.33565422,20.33565422,0
baseline,S,38,20.64068903,20.64068903,0
baseline,S,39,20.95029936,20.95029936,0
baseline,S,40,21.26455386,21.26455386,0
baseline,S,41,21.58352216,21.58352216,0
baseline,S,42,21.907275,21.907275,0
baseline,S,43,22.23588412,22.23588412,0
baseline,S,44,22.56942238,22.56942238,0
baseline,S,45,22.90796372,22.90796372,0
baseline,S,46,23.25158317,23.25158317,0
baseline,S,47,23.60035692,23.60035692,0
baseline,S,48,23.95436228,23.95436228,0
baseline,S,49,24.31367771,24.31367771,0
baseline,S,50,24.67838287,24.67838287,0
baseline,S,51,25.04855862,25.04855862,0
baseline,S,52,25.424287,25.424287,0
baseline,S,53,25.8056513,25.8056513,0
baseline,S,54,26.19273607,26.19273607,0
baseline,S,55,26.58562711,26.58562711,0
baseline,S,56,26.98441152,26.98441152,0
baseline,S,57,27.38917769,27.38917769,0
baseline,S,58,27.80001536,27.80001536,0
baseline,S,59,28.21701559,28.21701559,0
baseline,S,60,28.64027082,28.64027082,0
baseline,S,61,29.06987488,29.06987488,0
baseline,S,62,29.50592301,29.50592301,0
baseline,S,63,29.94851185,29.94851185,0
baseline,S,64,30.39773953,30.39773953,0
baseline,S,65,30.85370562,30.85370562,0
baseline,S,66,31.31651121,31.31651121,0
baseline,S,67,31.78625888,31.78625888,0
baseline,S,68,32.26305276,32.26305276,0
baseline,S,69,32.74699855,32.74699855,0
baseline,S,70,33.23820353,33.23820353,0
baseline,S,71,33.73677658,33.73677658,0
baseline,S,72,34.24282823,34.24282823,0
baseline,S,73,34.75647065,34.75647065,0
baseline,S,74,35.27781771,35.27781771,0
baseline,S,75,35.80698498,35.80698498,0
baseline,S,76,36.34408975,36.34408975,0
baseline,S,77,36.8892511,36.8892511,0
baseline,S,78,37.44258987,37.44258987,0
baseline,S,79,38.00422871,38.00422871,0
baseline,S,80,38.57429215,38.57429215,0
baseline,S,81,39.15290653,39.15290653,0
baseline,S,82,39.74020013,39.74020013,0
baseline,S,83,40.33630313,40.33630313,0
baseline,S,84,40.94134767,40.94134767,0
baseline,S,85,41.55546789,41.55546789,0
baseline,S,86,42.17879991,42.17879991,0
baseline,S,87,42.81148191,42.81148191,0
baseline,S,88,43.45365413,43.45365413,0
baseline,S,89,44.10545895,44.10545895,0
baseline,S,90,44.76704083,44.76704083,0
baseline,S,91,45.43854644,45.43854644,0
baseline,S,92,46.12012464,46.12012464,0
baseline,S,93,46.81192651,46.81192651,0
baseline,S,94,47.51410541,47.51410541,0
baseline,S,95,48.22681699,48.22681699,0
baseline,S,96,48.95021924,48.95021924,0
baseline,S,97,49.68447253,49.68447253,0
baseline,S,98,50.42973962,50.42973962,0
baseline,S,99,51.18618571,51.18618571,0
baseline,S,100,51.9539785,51.9539785,0
baseline,S,101,52.73328818,52.73328818,0
baseline,S,102,53.5242875,53.5242875,0
baseline,S,103,54.32715181,54.32715181,0
baseline,S,104,55.14205909,55.14205909,0
baseline,S,105,55.96918998,55.96918998,0
baseline,S,106,56.80872783,56.80872783,0
baseline,S,107,57.66085874,57.66085874,0
baseline,S,108,58.52577162,58.52577162,0
baseline,S,109,59.4036582,59.4036582,0
baseline,S,110,60.29471307,60.29471307,0
baseline,S,111,61.19913377,61.19913377,0
baseline,S,112,62.11712077,62.11712077,0
baseline,S,113,63.04887759,63.04887759,0
baseline,S,114,63.99461075,63.99461075,0
baseline,S,115,64.95452991,64.95452991,0
baseline,S,116,65.92884786,65.92884786,0
baseline,S,117,66.91778058,66.91778058,0
baseline,S,118,67.92154729,67.92154729,0
baseline,S,119,68.9403705,68.9403705,0
baseline,S,120,69.97447605,69.97447605,0
baseline,S,121,71.02409319,71.02409319,0
baseline,S,122,72.08945459,72.08945459,0
baseline,S,123,73.17079641,73.17079641,0
baseline,S,124,74.26835836,74.26835836,0
baseline,S,125,75.38238373,75.38238373,0
baseline,S,126,76.51311949,76.51311949,0
baseline,S,127,77.66081628,77.66081628,0
baseline,S,128,78.82572852,78.82572852,0
baseline,S,129,80.00811445,80.00811445,0
baseline,S,130,81.20823617,81.20823617,0
baseline,S,131,82.42635971,82.42635971,0
baseline,S,132,83.66275511,83.66275511,0
baseline,S,133,84.91769643,84.91769643,0
baseline,S,134,86.19146188,86.19146188,0
baseline,S,135,87.48433381,87.48433381,0
baseline,S,136,88.79659882,88.79659882,0
baseline,S,137,90.1285478,90.1285478,0
baseline,S,138,91.48047602,91.48047602,0
baseline,S,139,92.85268316,92.85268316,0
baseline,S,140,94.2454734,94.2454734,0
baseline,S,141,95.6591555,95.6591555,0
baseline,S,142,97.09404284,97.09404284,0
baseline,S,143,98.55045348,98.55045348,0
baseline,S,144,100.0287103,100.0287103,0
baseline,S,145,101.5291409,101.5291409,0
baseline,S,146,103.052078,103.052078,0
baseline,S,147,104.5978592,104.5978592,0
baseline,S,148,106.1668271,106.1668271,0
baseline,S,149,107.7593295,107.7593295,0
unanticipated,S,0,11.72234733,11.72234733,0
unanticipated,S,1,11.89818254,11.89818254,0
unanticipated,S,2,12.07665528,12.07665528,0
unanticipated,S,3,12.25780511,12.25780511,0
unanticipated,S,4,12.44167219,12.44167219,0
unanticipated,S,5,12.62829727,12.62829727,0
unanticipated,S,6,12.81772173,12.81772173,0
unanticipated,S,7,13.00998755,13.00998755,0
unanticipated,S,8,13.20513737,13.20513737,0
unanticipated,S,9,13.40321443,13.40321443,0
unanticipated,S,10,13.60426265,13.60426265,0
unanticipated,S,11,13.80832658,13.80832658,0
unanticipated,S,12,14.01545148,14.01545148,0
unanticipated,S,13,14.22568326,14.22568326,0
unanticipated,S,14,14.4390685,14.4390685,0
unanticipated,S,15,14.65565453,14.65565453,0
unanticipated,S,16,14.87548935,14.87548935,0
unanticipated,S,17,15.09862169,15.09862169,0
unanticipated,S,18,15.32510102,15.32510102,0
unanticipated,S,19,15.55497753,15.55497753,0
unanticipated,S,20,15.78830219,15.78830219,0
unanticipated,S,21,16.02512673,16.02512673,0
unanticipated,S,22,16.26550363,16.26550363,0
unanticipated,S,23,16.50948618,16.50948618,0
unanticipated,S,24,16.75712848,16.75712848,0
unanticipated,S,25,17.0084854,17.0084854,0
unanticipated,S,26,17.26361268,17.26361268,0
unanticipated,S,27,17.52256687,17.52256687,0
unanticipated,S,28,17.78540538,17.78540538,0
unanticipated,S,29,18.05218646,18.05218646,0
unanticipated,S,30,18.32296925,18.32296925,0
unanticipated,S,31,18.59781379,18.59781379,0
unanticipated,S,32,18.876781,18.876781,0
unanticipated,S,33,19.15993271,19.15993271,0
unanticipated,S,34,19.44733171,19.44733171,0
unanticipated,S,35,19.73904168,19.73904168,0
unanticipated,S,36,20.03512731,20.03512731,0
unanticipated,S,37,20.33565422,20.33565422,0
unanticipated,S,38,20.64068903,20.64068903,0
unanticipated,S,39,20.95029936,20.95029936,0
unanticipated,S,40,21.26455386,21.26455386,0
unanticipated,S,41,21.58352216,21.58352216,0
unanticipated,S,42,21.907275,21.907275,0
unanticipated,S,43,22.23588412,22.23588412,0
unanticipated,S,44,22.56942238,22.56942238,0
unanticipated,S,45,22.90796372,22.90796372,0
unanticipated,S,46,23.25158317,23.25158317,0
unanticipated,S,47,23.60035692,23.60035692,0
unanticipated,S,48,23.95436228,23.95436228,0
unanticipated,S,49,24.31367771,24.31367771,0
unanticipated,S,50,11.72234733,24.67838287,-52.49953211
unanticipated,S,51,11.89980638,25.04855862,-52.49304937
unanticipated,S,52,12.08024135,25.424287,-52.48542723
unanticipated,S,53,12.26371194,25.8056513,-52.47664244
unanticipated,S,54,12.45028076,26.19273607,-52.46666587
unanticipated,S,55,12.64001349,26.58562711,-52.45546234
unanticipated,S,56,12.83297916,26.98441152,-52.44299045
unanticipated,S,57,13.02925031,27.38917769,-52.42920232
unanticipated,S,58,13.22890326,27.80001536,-52.41404335
unanticipated,S,59,13.43201839,28.21701559,-52.39745201
unanticipated,S,60,13.63868042,28.64027082,-52.37935947
unanticipated,S,61,13.8489787,29.06987488,-52.35968935
unanticipated,S,62,14.06300757,29.50592301,-52.33835739
unanticipated,S,63,14.28086671,29.94851185,-52.31527103
unanticipated,S,64,14.50266149,30.39773953,-52.29032911
unanticipated,S,65,14.72850344,30.85370562,-52.2634214
unanticipated,S,66,14.95851064,31.31651121,-52.23442822
unanticipated,S,67,15.19280822,31.78625888,-52.20322001
unanticipated,S,68,15.43152885,32.26305276,-52.16965684
unanticipated,S,69,15.67481327,32.74699855,-52.13358793
unanticipated,S,70,15.92281085,33.23820353,-52.09485122
unanticipated,S,71,16.17568023,33.73677658,-52.0532728
unanticipated,S,72,16.43358991,34.24282823,-52.00866646
unanticipated,S,73,16.69671892,34.75647065,-51.96083316
unanticipated,S,74,16.96525757,35.27781771,-51.90956053
unanticipated,S,75,17.23940814,35.80698498,-51.85462237
unanticipated,S,76,17.51938566,36.34408975,-51.79577814
unanticipated,S,77,17.80541873,36.8892511,-51.73277256
unanticipated,S,78,18.09775034,37.44258987,-51.6653351
unanticipated,S,79,18.39663873,38.00422871,-51.59317963
unanticipated,S,80,18.70235825,38.57429215,-51.51600403
unanticipated,S,81,19.0152003,39.15290653,-51.4334899
unanticipated,S,82,19.33547423,39.74020013,-51.34530233
unanticipated,S,83,19.66350822,40.33630313,-51.25108973
unanticipated,S,84,19.99965028,40.94134767,-51.15048376
unanticipated,S,85,20.34426913,41.55546789,-51.04309935
unanticipated,S,86,20.69775509,42.17879991,-50.92853487
unanticipated,S,87,21.06052102,42.81148191,-50.80637231
unanticipated,S,88,21.43300311,43.45365413,-50.67617778
unanticipated,S,89,21.81566176,44.10545895,-50.53750197
unanticipated,S,90,22.2089823,44.76704083,-50.38988085
unanticipated,S,91,22.61347566,45.43854644,-50.23283658
unanticipated,S,92,23.02967908,46.12012464,-50.06587848
unanticipated,S,93,23.45815657,46.81192651,-49.88850423
unanticipated,S,94,23.89949939,47.51410541,-49.70020127
unanticipated,S,95,24.35432636,48.22681699,-49.50044834
unanticipated,S,96,24.82328412,48.95021924,-49.28871719
unanticipated,S,97,25.30704719,49.68447253,-49.06447447
unanticipated,S,98,25.80631797,50.42973962,-48.82718378
unanticipated,S,99,26.32182656,51.18618571,-48.57630786
unanticipated,S,100,26.71594841,51.9539785,-48.57766588
unanticipated,S,101,27.10816983,52.73328818,-48.5938185
unanticipated,S,102,27.49872362,53.5242875,-48.62383994
unanticipated,S,103,27.88784424,54.32715181,-48.66683911
unanticipated,S,104,28.27576767,55.14205909,-48.721959
unanticipated,S,105,28.66273115,55.96918998,-48.78837595
unanticipated,S,106,29.04897307,56.80872783,-48.86529907
unanticipated,S,107,29.43473273,57.66085874,-48.95196954
unanticipated,S,108,29.82025018,58.52577162,-49.04765994
unanticipated,S,109,30.20576603,59.4036582,-49.15167358
unanticipated,S,110,30.59152128,60.29471307,-49.2633438
unanticipated,S,111,30.97775715,61.19913377,-49.3820333
unanticipated,S,112,31.36471491,62.11712077,-49.50713342
unanticipated,S,113,31.75263572,63.04887759,-49.63806346
unanticipated,S,114,32.14176046,63.99461075,-49.77426992
unanticipated,S,115,32.53232962,64.95452991,-49.91522583
unanticipated,S,116,32.92458313,65.92884786,-50.06043
unanticipated,S,117,33.31876025,66.91778058,-50.20940629
unanticipated,S,118,33.71509943,67.92154729,-50.36170291
unanticipated,S,119,34.11383823,68.9403705,-50.51689165
unanticipated,S,120,34.51521316,69.97447605,-50.6745672
unanticipated,S,121,34.91945966,71.02409319,-50.83434636
unanticipated,S,122,35.32681196,72.08945459,-50.99586734
unanticipated,S,123,35.73750304,73.17079641,-51.15878904
unanticipated,S,124,36.15176452,74.26835836,-51.32279032
unanticipated,S,125,36.56982668,75.38238373,-51.48756929
unanticipated,S,126,36.99191833,76.51311949,-51.65284257
unanticipated,S,127,37.41826686,77.66081628,-51.81834463
unanticipated,S,128,37.84909812,78.82572852,-51.98382707
unanticipated,S,129,38.28463648,80.00811445,-52.14905795
unanticipated,S,130,38.7251048,81.20823617,-52.31382108
unanticipated,S,131,39.17072438,82.42635971,-52.47791542
unanticipated,S,132,39.62171505,83.66275511,-52.64115436
unanticipated,S,133,40.07829511,84.91769643,-52.80336515
unanticipated,S,134,40.5406814,86.19146188,-52.96438821
unanticipated,S,135,41.00908931,87.48433381,-53.1240766
unanticipated,S,136,41.48373279,88.79659882,-53.28229534
unanticipated,S,137,41.96482444,90.1285478,-53.43892089
unanticipated,S,138,42.45257554,91.48047602,-53.59384057
unanticipated,S,139,42.94719608,92.85268316,-53.74695203
unanticipated,S,140,43.44889483,94.2454734,-53.89816268
unanticipated,S,141,43.9578794,95.6591555,-54.04738922
unanticipated,S,142,44.47435634,97.09404284,-54.19455711
unanticipated,S,143,44.99853113,98.55045348,-54.33960013
unanticipated,S,144,45.53060836,100.0287103,-54.48245986
unanticipated,S,145,46.07079169,101.5291409,-54.62308529
unanticipated,S,146,46.61928404,103.052078,-54.76143236
unanticipated,S,147,47.17628758,104.5978592,-54.89746355
unanticipated,S,148,47.74200389,106.1668271,-55.0311475
unanticipated,S,149,48.31663399,107.7593295,-55.1624586
